Name,Email,Message,Date
efron,efron@gmail.com,"testing
",2025-09-21T22:10:17.471Z
mac,mac@gmail.com,testing,2025-09-21T22:10:44.972Z
voltan,voltan@gmail.com,testing,2025-09-21T22:12:47.201Z
alex,alex@gmail.com,testing,2025-09-21T22:41:27.844Z
venture,venture@gmail.com,testing,2025-09-21T22:48:48.804Z
reve,reve@gmail.com,test,2025-09-21T23:44:15.668Z
reve,reve@gmail.com,testing,2025-09-21T23:59:41.450Z
andrew,andrew@gmail.com,testing,2025-09-22T04:03:13.149Z
ben,ben@gmail.com,testing,2025-09-22T20:21:34.845Z
tim,timothy@gmail.com,testing,2025-10-05T12:51:48.859Z
jack,jack@gmail.com,"testing
",2025-10-05T13:00:17.341Z
alex,alex@gmail.com,testing,2025-10-05T13:02:14.312Z
testing,testing@gmail.com,testing,2025-11-17T11:17:45.614Z
reve,reve@gmail.com,reve,2025-11-17T11:22:45.486Z
Melisa,melisa@gmail.com,testing,2025-11-17T12:30:17.054Z
Timothy,timothy@gmail.com,testing,2025-12-12T11:56:44.502Z
